location.1,total_deaths,date,individualism,masculinity,powerdistance,indulgence,uncertaintyavoidance,longtermorientation,democracyindex2021,gdp_per_capita,aged_65_older,stringency_index,population,country_region,date.1,retail_and_recreation_percent_change_from_baseline,grocery_and_pharmacy_percent_change_from_baseline,parks_percent_change_from_baseline,transit_stations_percent_change_from_baseline,workplaces_percent_change_from_baseline,residential_percent_change_from_baseline
Angola,,25/03/2020,18,20,83,83,60,15,3,5819,2,33,33933611,Angola,25/03/2020,-22,1,-24,-41,-22,15
Angola,,26/03/2020,18,20,83,83,60,15,3,5819,2,33,33933611,Angola,26/03/2020,-10,23,-9,-25,-27,11
Angola,,27/03/2020,18,20,83,83,60,15,3,5819,2,91,33933611,Angola,27/03/2020,-48,-22,-32,-52,-47,26
Angola,,28/03/2020,18,20,83,83,60,15,3,5819,2,91,33933611,Angola,28/03/2020,-51,-33,-28,-41,-22,20
Angola,2,29/03/2020,18,20,83,83,60,15,3,5819,2,91,33933611,Angola,29/03/2020,-61,-40,-39,-57,-11,22
Angola,2,30/03/2020,18,20,83,83,60,15,3,5819,2,91,33933611,Angola,30/03/2020,-55,-36,-35,-59,-54,30
Angola,2,31/03/2020,18,20,83,83,60,15,3,5819,2,91,33933611,Angola,31/03/2020,-55,-37,-37,-62,-55,29
Angola,2,01/04/2020,18,20,83,83,60,15,3,5819,2,91,33933611,Angola,01/04/2020,-55,-36,-40,-61,-55,28
Angola,2,02/04/2020,18,20,83,83,60,15,3,5819,2,91,33933611,Angola,02/04/2020,-55,-35,-34,-60,-55,28
Angola,2,03/04/2020,18,20,83,83,60,15,3,5819,2,91,33933611,Angola,03/04/2020,-58,-35,-41,-63,-53,32
Angola,2,04/04/2020,18,20,83,83,60,15,3,5819,2,91,33933611,Angola,04/04/2020,-58,-40,-37,-56,-36,24
Angola,2,05/04/2020,18,20,83,83,60,15,3,5819,2,91,33933611,Angola,05/04/2020,-62,-37,-48,-63,-17,22
Angola,2,06/04/2020,18,20,83,83,60,15,3,5819,2,91,33933611,Angola,06/04/2020,-52,-33,-37,-59,-52,28
Angola,2,07/04/2020,18,20,83,83,60,15,3,5819,2,91,33933611,Angola,07/04/2020,-53,-33,-41,-61,-54,28
Angola,2,08/04/2020,18,20,83,83,60,15,3,5819,2,91,33933611,Angola,08/04/2020,-54,-36,-41,-62,-53,28
Angola,2,09/04/2020,18,20,83,83,60,15,3,5819,2,91,33933611,Angola,09/04/2020,-51,-30,-34,-58,-53,27
Angola,2,10/04/2020,18,20,83,83,60,15,3,5819,2,91,33933611,Angola,10/04/2020,-60,-37,-49,-65,-69,36
Angola,2,11/04/2020,18,20,83,83,60,15,3,5819,2,91,33933611,Angola,11/04/2020,-53,-32,-37,-44,-31,22
Angola,2,12/04/2020,18,20,83,83,60,15,3,5819,2,91,33933611,Angola,12/04/2020,-60,-36,-45,-56,-18,21
Angola,2,13/04/2020,18,20,83,83,60,15,3,5819,2,91,33933611,Angola,13/04/2020,-55,-40,-39,-60,-51,29
Angola,2,14/04/2020,18,20,83,83,60,15,3,5819,2,91,33933611,Angola,14/04/2020,-52,-35,-40,-57,-51,27
Angola,2,15/04/2020,18,20,83,83,60,15,3,5819,2,91,33933611,Angola,15/04/2020,-54,-40,-41,-64,-52,29
Angola,2,16/04/2020,18,20,83,83,60,15,3,5819,2,91,33933611,Angola,16/04/2020,-52,-34,-36,-59,-51,25
Angola,2,17/04/2020,18,20,83,83,60,15,3,5819,2,91,33933611,Angola,17/04/2020,-56,-37,-43,-63,-50,31
Angola,2,18/04/2020,18,20,83,83,60,15,3,5819,2,91,33933611,Angola,18/04/2020,-60,-41,-39,-61,-35,23
Angola,2,19/04/2020,18,20,83,83,60,15,3,5819,2,91,33933611,Angola,19/04/2020,-63,-41,-47,-68,-18,21
Angola,2,20/04/2020,18,20,83,83,60,15,3,5819,2,91,33933611,Angola,20/04/2020,-55,-39,-38,-67,-49,28
Angola,2,21/04/2020,18,20,83,83,60,15,3,5819,2,91,33933611,Angola,21/04/2020,-53,-34,-37,-64,-49,27
Angola,2,22/04/2020,18,20,83,83,60,15,3,5819,2,91,33933611,Angola,22/04/2020,-55,-40,-41,-68,-50,28
Angola,2,23/04/2020,18,20,83,83,60,15,3,5819,2,79,33933611,Angola,23/04/2020,-51,-31,-36,-63,-49,26
Angola,2,24/04/2020,18,20,83,83,60,15,3,5819,2,79,33933611,Angola,24/04/2020,-55,-34,-39,-65,-47,29
Angola,2,25/04/2020,18,20,83,83,60,15,3,5819,2,79,33933611,Angola,25/04/2020,-47,-24,-27,-53,-24,18
Angola,2,26/04/2020,18,20,83,83,60,15,3,5819,2,79,33933611,Angola,26/04/2020,-51,-23,-41,-63,-9,19
Angola,2,27/04/2020,18,20,83,83,60,15,3,5819,2,79,33933611,Angola,27/04/2020,-37,-21,-26,-55,-33,21
Angola,2,28/04/2020,18,20,83,83,60,15,3,5819,2,79,33933611,Angola,28/04/2020,-32,-11,-19,-45,-33,17
Angola,2,29/04/2020,18,20,83,83,60,15,3,5819,2,79,33933611,Angola,29/04/2020,-31,-12,-22,-49,-32,20
Angola,2,30/04/2020,18,20,83,83,60,15,3,5819,2,79,33933611,Angola,30/04/2020,-28,-6,-13,-39,-31,18
Angola,2,01/05/2020,18,20,83,83,60,15,3,5819,2,79,33933611,Angola,01/05/2020,-51,-31,-38,-62,-64,31
Angola,2,02/05/2020,18,20,83,83,60,15,3,5819,2,79,33933611,Angola,02/05/2020,-36,-15,-21,-41,-9,16
Angola,2,03/05/2020,18,20,83,83,60,15,3,5819,2,79,33933611,Angola,03/05/2020,-53,-27,-40,-63,-4,19
Angola,2,04/05/2020,18,20,83,83,60,15,3,5819,2,79,33933611,Angola,04/05/2020,-37,-25,-24,-54,-30,22
Angola,2,05/05/2020,18,20,83,83,60,15,3,5819,2,79,33933611,Angola,05/05/2020,-33,-16,-26,-47,-32,19
Angola,2,06/05/2020,18,20,83,83,60,15,3,5819,2,79,33933611,Angola,06/05/2020,-34,-22,-26,-51,-31,22
Angola,2,07/05/2020,18,20,83,83,60,15,3,5819,2,79,33933611,Angola,07/05/2020,-33,-12,-19,-45,-30,19
Angola,2,08/05/2020,18,20,83,83,60,15,3,5819,2,76,33933611,Angola,08/05/2020,-39,-20,-27,-52,-28,24
Angola,2,09/05/2020,18,20,83,83,60,15,3,5819,2,76,33933611,Angola,09/05/2020,-35,-11,-19,-41,-5,16
Angola,2,10/05/2020,18,20,83,83,60,15,3,5819,2,76,33933611,Angola,10/05/2020,-52,-26,-37,-60,-3,19
Angola,2,11/05/2020,18,20,83,83,60,15,3,5819,2,76,33933611,Angola,11/05/2020,-36,-24,-24,-50,-27,21
Angola,2,12/05/2020,18,20,83,83,60,15,3,5819,2,76,33933611,Angola,12/05/2020,-33,-16,-21,-49,-28,20
Angola,2,13/05/2020,18,20,83,83,60,15,3,5819,2,76,33933611,Angola,13/05/2020,-34,-20,-25,-51,-28,20
Angola,2,14/05/2020,18,20,83,83,60,15,3,5819,2,76,33933611,Angola,14/05/2020,-33,-18,-17,-44,-28,18
Angola,2,15/05/2020,18,20,83,83,60,15,3,5819,2,76,33933611,Angola,15/05/2020,-38,-19,-24,-49,-27,23
Angola,2,16/05/2020,18,20,83,83,60,15,3,5819,2,76,33933611,Angola,16/05/2020,-35,-16,-15,-40,-4,17
Angola,2,17/05/2020,18,20,83,83,60,15,3,5819,2,81,33933611,Angola,17/05/2020,-51,-26,-37,-57,-5,18
Angola,3,18/05/2020,18,20,83,83,60,15,3,5819,2,81,33933611,Angola,18/05/2020,-35,-23,-22,-49,-25,21
Angola,3,19/05/2020,18,20,83,83,60,15,3,5819,2,81,33933611,Angola,19/05/2020,-34,-20,-24,-47,-27,20
Angola,3,20/05/2020,18,20,83,83,60,15,3,5819,2,81,33933611,Angola,20/05/2020,-36,-22,-25,-53,-27,21
Angola,3,21/05/2020,18,20,83,83,60,15,3,5819,2,81,33933611,Angola,21/05/2020,-34,-19,-15,-48,-27,20
Angola,3,22/05/2020,18,20,83,83,60,15,3,5819,2,81,33933611,Angola,22/05/2020,-37,-19,-22,-49,-24,22
Angola,4,23/05/2020,18,20,83,83,60,15,3,5819,2,81,33933611,Angola,23/05/2020,-31,-12,-19,-40,-3,15
Angola,4,24/05/2020,18,20,83,83,60,15,3,5819,2,81,33933611,Angola,24/05/2020,-45,-22,-35,-57,-3,17
Angola,4,25/05/2020,18,20,83,83,60,15,3,5819,2,81,33933611,Angola,25/05/2020,-29,-18,-21,-49,-22,19
Angola,4,26/05/2020,18,20,83,83,60,15,3,5819,2,78,33933611,Angola,26/05/2020,-23,-7,-21,-41,-22,16
Angola,4,27/05/2020,18,20,83,83,60,15,3,5819,2,78,33933611,Angola,27/05/2020,-19,-1,-17,-43,-21,16
Angola,4,28/05/2020,18,20,83,83,60,15,3,5819,2,78,33933611,Angola,28/05/2020,-17,3,-11,-36,-21,15
Angola,4,29/05/2020,18,20,83,83,60,15,3,5819,2,78,33933611,Angola,29/05/2020,-18,5,-11,-37,-18,17
Angola,4,30/05/2020,18,20,83,83,60,15,3,5819,2,78,33933611,Angola,30/05/2020,-17,5,-4,-30,7,10
Angola,4,31/05/2020,18,20,83,83,60,15,3,5819,2,78,33933611,Angola,31/05/2020,-31,-3,-21,-46,13,12
Angola,4,01/06/2020,18,20,83,83,60,15,3,5819,2,78,33933611,Angola,01/06/2020,-11,6,-5,-31,-15,14
Angola,4,02/06/2020,18,20,83,83,60,15,3,5819,2,78,33933611,Angola,02/06/2020,-15,2,-7,-32,-16,14
Angola,4,03/06/2020,18,20,83,83,60,15,3,5819,2,78,33933611,Angola,03/06/2020,-15,1,-10,-37,-17,14
Angola,4,04/06/2020,18,20,83,83,60,15,3,5819,2,78,33933611,Angola,04/06/2020,-16,1,-6,-32,-16,14
Angola,4,05/06/2020,18,20,83,83,60,15,3,5819,2,78,33933611,Angola,05/06/2020,-19,2,-13,-35,-16,16
Angola,4,06/06/2020,18,20,83,83,60,15,3,5819,2,78,33933611,Angola,06/06/2020,-17,0,-8,-31,7,10
Angola,4,07/06/2020,18,20,83,83,60,15,3,5819,2,78,33933611,Angola,07/06/2020,-32,-9,-24,-47,9,13
Angola,4,08/06/2020,18,20,83,83,60,15,3,5819,2,76,33933611,Angola,08/06/2020,-15,-5,-11,-35,-14,15
Angola,4,09/06/2020,18,20,83,83,60,15,3,5819,2,76,33933611,Angola,09/06/2020,-16,-2,-13,-35,-15,14
Angola,4,10/06/2020,18,20,83,83,60,15,3,5819,2,76,33933611,Angola,10/06/2020,-14,-4,-10,-38,-15,14
Angola,5,11/06/2020,18,20,83,83,60,15,3,5819,2,76,33933611,Angola,11/06/2020,-16,-2,-2,-38,-15,14
Angola,5,12/06/2020,18,20,83,83,60,15,3,5819,2,76,33933611,Angola,12/06/2020,-18,-2,-11,-38,-14,16
Angola,6,13/06/2020,18,20,83,83,60,15,3,5819,2,76,33933611,Angola,13/06/2020,-17,-4,-8,-32,8,10
Angola,6,14/06/2020,18,20,83,83,60,15,3,5819,2,76,33933611,Angola,14/06/2020,-30,-14,-25,-50,9,12
Angola,6,15/06/2020,18,20,83,83,60,15,3,5819,2,76,33933611,Angola,15/06/2020,-15,-8,-10,-39,-13,14
Angola,6,16/06/2020,18,20,83,83,60,15,3,5819,2,76,33933611,Angola,16/06/2020,-14,-3,-11,-36,-14,13
Angola,7,17/06/2020,18,20,83,83,60,15,3,5819,2,76,33933611,Angola,17/06/2020,-15,-6,-13,-40,-15,14
Angola,8,18/06/2020,18,20,83,83,60,15,3,5819,2,76,33933611,Angola,18/06/2020,-18,-7,-9,-39,-15,14
Angola,8,19/06/2020,18,20,83,83,60,15,3,5819,2,76,33933611,Angola,19/06/2020,-21,-6,-15,-44,-14,16
Angola,9,20/06/2020,18,20,83,83,60,15,3,5819,2,76,33933611,Angola,20/06/2020,-18,-7,-9,-39,6,10
Angola,9,21/06/2020,18,20,83,83,60,15,3,5819,2,76,33933611,Angola,21/06/2020,-30,-15,-23,-51,7,13
Angola,10,22/06/2020,18,20,83,83,60,15,3,5819,2,76,33933611,Angola,22/06/2020,-18,-11,-12,-43,-15,15
Angola,10,23/06/2020,18,20,83,83,60,15,3,5819,2,76,33933611,Angola,23/06/2020,-16,-4,-11,-44,-16,14
Angola,10,24/06/2020,18,20,83,83,60,15,3,5819,2,76,33933611,Angola,24/06/2020,-13,-3,-11,-41,-15,13
Angola,10,25/06/2020,18,20,83,83,60,15,3,5819,2,76,33933611,Angola,25/06/2020,-10,4,1,-37,-15,12
Angola,10,26/06/2020,18,20,83,83,60,15,3,5819,2,76,33933611,Angola,26/06/2020,-8,10,-8,-36,-15,13
Angola,10,27/06/2020,18,20,83,83,60,15,3,5819,2,76,33933611,Angola,27/06/2020,-7,8,-2,-28,6,8
Angola,11,28/06/2020,18,20,83,83,60,15,3,5819,2,76,33933611,Angola,28/06/2020,-21,-2,-18,-48,9,10
Angola,11,29/06/2020,18,20,83,83,60,15,3,5819,2,76,33933611,Angola,29/06/2020,-7,5,-3,-32,-12,12
Angola,13,30/06/2020,18,20,83,83,60,15,3,5819,2,76,33933611,Angola,30/06/2020,-4,13,-6,-28,-13,11
Angola,15,01/07/2020,18,20,83,83,60,15,3,5819,2,76,33933611,Angola,01/07/2020,-4,10,-5,-33,-13,10
Angola,17,02/07/2020,18,20,83,83,60,15,3,5819,2,76,33933611,Angola,02/07/2020,-5,11,3,-28,-13,11
Angola,18,03/07/2020,18,20,83,83,60,15,3,5819,2,76,33933611,Angola,03/07/2020,-9,10,-5,-31,-13,13
Angola,19,04/07/2020,18,20,83,83,60,15,3,5819,2,76,33933611,Angola,04/07/2020,-10,6,0,-27,8,8
Angola,19,05/07/2020,18,20,83,83,60,15,3,5819,2,76,33933611,Angola,05/07/2020,-21,-3,-19,-43,10,10
Angola,19,06/07/2020,18,20,83,83,60,15,3,5819,2,76,33933611,Angola,06/07/2020,-8,2,-6,-33,-13,12
Angola,21,07/07/2020,18,20,83,83,60,15,3,5819,2,76,33933611,Angola,07/07/2020,-8,4,-6,-29,-15,12
Angola,21,08/07/2020,18,20,83,83,60,15,3,5819,2,76,33933611,Angola,08/07/2020,-11,2,-11,-36,-14,12
Angola,22,09/07/2020,18,20,83,83,60,15,3,5819,2,76,33933611,Angola,09/07/2020,-17,-6,-6,-32,-17,14
Angola,23,10/07/2020,18,20,83,83,60,15,3,5819,2,76,33933611,Angola,10/07/2020,-21,-7,-13,-37,-17,17
Angola,23,11/07/2020,18,20,83,83,60,15,3,5819,2,76,33933611,Angola,11/07/2020,-19,-2,-7,-34,5,11
Angola,26,12/07/2020,18,20,83,83,60,15,3,5819,2,76,33933611,Angola,12/07/2020,-31,-13,-23,-48,5,13
Angola,26,13/07/2020,18,20,83,83,60,15,3,5819,2,76,33933611,Angola,13/07/2020,-20,-12,-10,-39,-17,15
Angola,26,14/07/2020,18,20,83,83,60,15,3,5819,2,76,33933611,Angola,14/07/2020,-19,-7,-14,-35,-19,14
Angola,27,15/07/2020,18,20,83,83,60,15,3,5819,2,76,33933611,Angola,15/07/2020,-20,-13,-16,-39,-19,15
Angola,28,16/07/2020,18,20,83,83,60,15,3,5819,2,76,33933611,Angola,16/07/2020,-20,-6,-9,-34,-18,14
Angola,29,17/07/2020,18,20,83,83,60,15,3,5819,2,76,33933611,Angola,17/07/2020,-23,-10,-18,-42,-19,18
Angola,29,18/07/2020,18,20,83,83,60,15,3,5819,2,76,33933611,Angola,18/07/2020,-22,-7,-13,-37,1,11
Angola,29,19/07/2020,18,20,83,83,60,15,3,5819,2,76,33933611,Angola,19/07/2020,-33,-16,-27,-52,2,14
Angola,29,20/07/2020,18,20,83,83,60,15,3,5819,2,76,33933611,Angola,20/07/2020,-23,-13,-11,-38,-19,16
Angola,30,21/07/2020,18,20,83,83,60,15,3,5819,2,76,33933611,Angola,21/07/2020,-23,-9,-17,-37,-21,15
Angola,33,22/07/2020,18,20,83,83,60,15,3,5819,2,76,33933611,Angola,22/07/2020,-25,-15,-18,-42,-21,15
Angola,33,23/07/2020,18,20,83,83,60,15,3,5819,2,76,33933611,Angola,23/07/2020,-22,-7,-8,-37,-20,13
Angola,35,24/07/2020,18,20,83,83,60,15,3,5819,2,76,33933611,Angola,24/07/2020,-22,-4,-13,-38,-19,17
Angola,39,25/07/2020,18,20,83,83,60,15,3,5819,2,76,33933611,Angola,25/07/2020,-17,4,-4,-28,0,10
Angola,40,26/07/2020,18,20,83,83,60,15,3,5819,2,76,33933611,Angola,26/07/2020,-30,-8,-21,-47,0,12
Angola,41,27/07/2020,18,20,83,83,60,15,3,5819,2,76,33933611,Angola,27/07/2020,-16,-5,-8,-35,-18,14
Angola,47,28/07/2020,18,20,83,83,60,15,3,5819,2,76,33933611,Angola,28/07/2020,-14,2,-9,-31,-19,13
Angola,48,29/07/2020,18,20,83,83,60,15,3,5819,2,76,33933611,Angola,29/07/2020,-10,0,-5,-31,-19,13
Angola,51,30/07/2020,18,20,83,83,60,15,3,5819,2,79,33933611,Angola,30/07/2020,-9,11,4,-24,-19,12
Angola,52,31/07/2020,18,20,83,83,60,15,3,5819,2,79,33933611,Angola,31/07/2020,-11,5,-4,-27,-18,14
Angola,54,01/08/2020,18,20,83,83,60,15,3,5819,2,79,33933611,Angola,01/08/2020,-9,12,4,-19,5,7
Angola,55,02/08/2020,18,20,83,83,60,15,3,5819,2,79,33933611,Angola,02/08/2020,-21,0,-14,-41,8,10
Angola,58,03/08/2020,18,20,83,83,60,15,3,5819,2,79,33933611,Angola,03/08/2020,-10,0,-4,-27,-16,13
Angola,59,04/08/2020,18,20,83,83,60,15,3,5819,2,79,33933611,Angola,04/08/2020,-11,6,-2,-27,-19,12
Angola,62,05/08/2020,18,20,83,83,60,15,3,5819,2,79,33933611,Angola,05/08/2020,-10,-2,-3,-32,-18,13
Angola,64,06/08/2020,18,20,83,83,60,15,3,5819,2,79,33933611,Angola,06/08/2020,-11,4,4,-27,-18,12
Angola,67,07/08/2020,18,20,83,83,60,15,3,5819,2,79,33933611,Angola,07/08/2020,-15,-3,-7,-32,-17,14
Angola,70,08/08/2020,18,20,83,83,60,15,3,5819,2,79,33933611,Angola,08/08/2020,-12,3,4,-25,5,8
Angola,75,09/08/2020,18,20,83,83,60,15,3,5819,2,79,33933611,Angola,09/08/2020,-24,-9,-12,-45,5,10
Angola,78,10/08/2020,18,20,83,83,60,15,3,5819,2,79,33933611,Angola,10/08/2020,-11,-2,-1,-31,-15,13
Angola,80,11/08/2020,18,20,83,83,60,15,3,5819,2,79,33933611,Angola,11/08/2020,-11,2,-2,-28,-17,11
Angola,80,12/08/2020,18,20,83,83,60,15,3,5819,2,79,33933611,Angola,12/08/2020,-10,-2,-1,-35,-17,13
Angola,80,13/08/2020,18,20,83,83,60,15,3,5819,2,79,33933611,Angola,13/08/2020,-10,3,1,-25,-18,12
Angola,86,14/08/2020,18,20,83,83,60,15,3,5819,2,79,33933611,Angola,14/08/2020,-13,1,-1,-34,-16,14
Angola,86,15/08/2020,18,20,83,83,60,15,3,5819,2,79,33933611,Angola,15/08/2020,-14,0,1,-29,5,8
Angola,88,16/08/2020,18,20,83,83,60,15,3,5819,2,79,33933611,Angola,16/08/2020,-24,-10,-13,-45,6,10
Angola,88,17/08/2020,18,20,83,83,60,15,3,5819,2,79,33933611,Angola,17/08/2020,-15,-5,,,-16,13
Angola,90,18/08/2020,18,20,83,83,60,15,3,5819,2,79,33933611,Angola,18/08/2020,-14,-1,,,-16,12
Angola,92,19/08/2020,18,20,83,83,60,15,3,5819,2,79,33933611,Angola,19/08/2020,-14,-8,,,-17,13
Angola,93,20/08/2020,18,20,83,83,60,15,3,5819,2,79,33933611,Angola,20/08/2020,-15,-3,,,-17,12
Angola,94,21/08/2020,18,20,83,83,60,15,3,5819,2,76,33933611,Angola,21/08/2020,-17,-4,,,-17,14
Angola,94,22/08/2020,18,20,83,83,60,15,3,5819,2,76,33933611,Angola,22/08/2020,-15,-3,,,4,8
Angola,96,23/08/2020,18,20,83,83,60,15,3,5819,2,76,33933611,Angola,23/08/2020,-24,-12,,,6,10
Angola,100,24/08/2020,18,20,83,83,60,15,3,5819,2,76,33933611,Angola,24/08/2020,-15,-7,,,-16,13
Angola,102,25/08/2020,18,20,83,83,60,15,3,5819,2,76,33933611,Angola,25/08/2020,-12,-1,,,-17,12
Angola,103,26/08/2020,18,20,83,83,60,15,3,5819,2,76,33933611,Angola,26/08/2020,-12,-4,,,-16,12
Angola,105,27/08/2020,18,20,83,83,60,15,3,5819,2,76,33933611,Angola,27/08/2020,-10,2,,,-16,11
Angola,106,28/08/2020,18,20,83,83,60,15,3,5819,2,76,33933611,Angola,28/08/2020,-10,0,,,-17,13
Angola,107,29/08/2020,18,20,83,83,60,15,3,5819,2,76,33933611,Angola,29/08/2020,-7,5,,,3,6
Angola,107,30/08/2020,18,20,83,83,60,15,3,5819,2,76,33933611,Angola,30/08/2020,-17,-7,,,6,8
Angola,108,31/08/2020,18,20,83,83,60,15,3,5819,2,76,33933611,Angola,31/08/2020,-3,3,,,-15,11
Angola,109,01/09/2020,18,20,83,83,60,15,3,5819,2,81,33933611,Angola,01/09/2020,-2,9,,,-15,9
Angola,112,02/09/2020,18,20,83,83,60,15,3,5819,2,81,33933611,Angola,02/09/2020,-2,3,,,-17,10
Angola,113,03/09/2020,18,20,83,83,60,15,3,5819,2,81,33933611,Angola,03/09/2020,-1,11,,,-16,9
Angola,115,04/09/2020,18,20,83,83,60,15,3,5819,2,81,33933611,Angola,04/09/2020,-5,6,,,-17,12
Angola,117,05/09/2020,18,20,83,83,60,15,3,5819,2,81,33933611,Angola,05/09/2020,-2,7,,,4,6
Angola,117,06/09/2020,18,20,83,83,60,15,3,5819,2,81,33933611,Angola,06/09/2020,-13,-6,,,5,8
Angola,120,07/09/2020,18,20,83,83,60,15,3,5819,2,81,33933611,Angola,07/09/2020,-2,2,,,-16,11
Angola,124,08/09/2020,18,20,83,83,60,15,3,5819,2,81,33933611,Angola,08/09/2020,-2,7,,,-15,10
Angola,126,09/09/2020,18,20,83,83,60,15,3,5819,2,81,33933611,Angola,09/09/2020,-1,-1,,,-14,10
Angola,130,10/09/2020,18,20,83,83,60,15,3,5819,2,81,33933611,Angola,10/09/2020,-1,3,,,-15,10
Angola,131,11/09/2020,18,20,83,83,60,15,3,5819,2,81,33933611,Angola,11/09/2020,-5,2,22,-15,-16,12
Angola,132,12/09/2020,18,20,83,83,60,15,3,5819,2,81,33933611,Angola,12/09/2020,-4,-3,32,-8,4,6
Angola,134,13/09/2020,18,20,83,83,60,15,3,5819,2,81,33933611,Angola,13/09/2020,-15,-12,5,-27,2,9
Angola,136,14/09/2020,18,20,83,83,60,15,3,5819,2,81,33933611,Angola,14/09/2020,-3,-7,29,-11,-14,11
Angola,139,15/09/2020,18,20,83,83,60,15,3,5819,2,81,33933611,Angola,15/09/2020,-3,-1,27,-11,-13,11
Angola,143,16/09/2020,18,20,83,83,60,15,3,5819,2,75,33933611,Angola,16/09/2020,1,4,28,-16,-14,9
Angola,144,17/09/2020,18,20,83,83,60,15,3,5819,2,75,33933611,Angola,17/09/2020,-20,-15,18,-32,-62,18
Angola,147,18/09/2020,18,20,83,83,60,15,3,5819,2,75,33933611,Angola,18/09/2020,-24,-13,-1,-39,-56,21
Angola,147,19/09/2020,18,20,83,83,60,15,3,5819,2,75,33933611,Angola,19/09/2020,-14,-13,19,-23,-3,10
Angola,152,20/09/2020,18,20,83,83,60,15,3,5819,2,75,33933611,Angola,20/09/2020,-21,-20,3,-31,-1,10
Angola,154,21/09/2020,18,20,83,83,60,15,3,5819,2,75,33933611,Angola,21/09/2020,-9,-9,20,-15,-18,12
Angola,155,22/09/2020,18,20,83,83,60,15,3,5819,2,75,33933611,Angola,22/09/2020,-13,-5,11,-20,-17,11
Angola,159,23/09/2020,18,20,83,83,60,15,3,5819,2,75,33933611,Angola,23/09/2020,-16,-7,7,-25,-18,12
Angola,162,24/09/2020,18,20,83,83,60,15,3,5819,2,75,33933611,Angola,24/09/2020,-17,-5,14,-23,-17,11
Angola,167,25/09/2020,18,20,83,83,60,15,3,5819,2,75,33933611,Angola,25/09/2020,-16,0,7,-24,-18,13
Angola,171,26/09/2020,18,20,83,83,60,15,3,5819,2,75,33933611,Angola,26/09/2020,-11,-1,17,-16,-1,6
Angola,174,27/09/2020,18,20,83,83,60,15,3,5819,2,75,33933611,Angola,27/09/2020,-23,-11,-2,-31,-5,9
Angola,176,28/09/2020,18,20,83,83,60,15,3,5819,2,75,33933611,Angola,28/09/2020,-12,-3,18,-15,-18,12
Angola,179,29/09/2020,18,20,83,83,60,15,3,5819,2,75,33933611,Angola,29/09/2020,-11,3,14,-20,-16,10
Angola,183,30/09/2020,18,20,83,83,60,15,3,5819,2,75,33933611,Angola,30/09/2020,-10,2,14,-17,-19,8
Angola,185,01/10/2020,18,20,83,83,60,15,3,5819,2,75,33933611,Angola,01/10/2020,-10,3,23,-13,-19,5
Angola,189,02/10/2020,18,20,83,83,60,15,3,5819,2,75,33933611,Angola,02/10/2020,-12,6,17,-17,-21,7
Angola,193,03/10/2020,18,20,83,83,60,15,3,5819,2,75,33933611,Angola,03/10/2020,-12,2,20,-11,-10,1
Angola,195,04/10/2020,18,20,83,83,60,15,3,5819,2,75,33933611,Angola,04/10/2020,-22,-7,4,-26,-15,4
Angola,199,05/10/2020,18,20,83,83,60,15,3,5819,2,71,33933611,Angola,05/10/2020,-10,0,25,-9,-23,5
Angola,211,06/10/2020,18,20,83,83,60,15,3,5819,2,71,33933611,Angola,06/10/2020,-12,2,22,-15,-22,5
Angola,211,07/10/2020,18,20,83,83,60,15,3,5819,2,71,33933611,Angola,07/10/2020,-9,1,15,-19,-18,6
Angola,208,08/10/2020,18,20,83,83,60,15,3,5819,2,71,33933611,Angola,08/10/2020,-8,1,21,-10,-15,8
Angola,212,09/10/2020,18,20,83,83,60,15,3,5819,2,71,33933611,Angola,09/10/2020,-12,0,11,-20,-18,10
Angola,218,10/10/2020,18,20,83,83,60,15,3,5819,2,71,33933611,Angola,10/10/2020,-12,-6,21,-17,-2,6
Angola,218,11/10/2020,18,20,83,83,60,15,3,5819,2,71,33933611,Angola,11/10/2020,-22,-15,3,-33,-5,8
Angola,219,12/10/2020,18,20,83,83,60,15,3,5819,2,71,33933611,Angola,12/10/2020,-10,-5,18,-16,-19,10
Angola,222,13/10/2020,18,20,83,83,60,15,3,5819,2,71,33933611,Angola,13/10/2020,-11,-1,16,-12,-16,9
Angola,227,14/10/2020,18,20,83,83,60,15,3,5819,2,71,33933611,Angola,14/10/2020,-12,0,15,-17,-16,9
Angola,228,15/10/2020,18,20,83,83,60,15,3,5819,2,71,33933611,Angola,15/10/2020,-14,2,25,-6,-15,10
Angola,234,16/10/2020,18,20,83,83,60,15,3,5819,2,71,33933611,Angola,16/10/2020,-16,2,16,-16,-17,11
Angola,241,17/10/2020,18,20,83,83,60,15,3,5819,2,71,33933611,Angola,17/10/2020,-18,-6,21,-11,-4,7
Angola,247,18/10/2020,18,20,83,83,60,15,3,5819,2,71,33933611,Angola,18/10/2020,-27,-13,-3,-24,-10,6
Angola,248,19/10/2020,18,20,83,83,60,15,3,5819,2,71,33933611,Angola,19/10/2020,-14,-5,18,-11,-18,9
Angola,251,20/10/2020,18,20,83,83,60,15,3,5819,2,71,33933611,Angola,20/10/2020,-16,-4,15,-17,-17,9
Angola,255,21/10/2020,18,20,83,83,60,15,3,5819,2,71,33933611,Angola,21/10/2020,-13,-1,15,-20,-14,9
Angola,260,22/10/2020,18,20,83,83,60,15,3,5819,2,71,33933611,Angola,22/10/2020,-12,-1,25,-12,-14,9
Angola,265,23/10/2020,18,20,83,83,60,15,3,5819,2,66,33933611,Angola,23/10/2020,-14,2,17,-19,-14,10
Angola,267,24/10/2020,18,20,83,83,60,15,3,5819,2,66,33933611,Angola,24/10/2020,-15,0,23,-16,-2,8
Angola,268,25/10/2020,18,20,83,83,60,15,3,5819,2,66,33933611,Angola,25/10/2020,-25,-7,0,-30,-9,9
Angola,270,26/10/2020,18,20,83,83,60,15,3,5819,2,66,33933611,Angola,26/10/2020,-10,0,28,-11,-15,9
Angola,271,27/10/2020,18,20,83,83,60,15,3,5819,2,66,33933611,Angola,27/10/2020,-9,7,21,-17,-16,9
Angola,275,28/10/2020,18,20,83,83,60,15,3,5819,2,66,33933611,Angola,28/10/2020,-9,4,21,-16,-17,9
Angola,275,29/10/2020,18,20,83,83,60,15,3,5819,2,66,33933611,Angola,29/10/2020,-7,10,28,-6,-18,6
Angola,279,30/10/2020,18,20,83,83,60,15,3,5819,2,66,33933611,Angola,30/10/2020,-10,5,15,-13,-19,10
Angola,284,31/10/2020,18,20,83,83,60,15,3,5819,2,66,33933611,Angola,31/10/2020,-9,8,23,-5,-5,4
Angola,286,01/11/2020,18,20,83,83,60,15,3,5819,2,60,33933611,Angola,01/11/2020,-19,-4,6,-26,-10,6
Angola,289,02/11/2020,18,20,83,83,60,15,3,5819,2,60,33933611,Angola,02/11/2020,-27,-19,-2,-36,-71,20
Angola,291,03/11/2020,18,20,83,83,60,15,3,5819,2,60,33933611,Angola,03/11/2020,-7,7,22,-9,-16,6
Angola,296,04/11/2020,18,20,83,83,60,15,3,5819,2,60,33933611,Angola,04/11/2020,-8,0,16,-17,-17,8
Angola,299,05/11/2020,18,20,83,83,60,15,3,5819,2,60,33933611,Angola,05/11/2020,-8,9,27,-2,-15,6
Angola,300,06/11/2020,18,20,83,83,60,15,3,5819,2,60,33933611,Angola,06/11/2020,-14,2,16,-14,-17,8
Angola,303,07/11/2020,18,20,83,83,60,15,3,5819,2,60,33933611,Angola,07/11/2020,-15,0,22,-12,-2,6
Angola,307,08/11/2020,18,20,83,83,60,15,3,5819,2,60,33933611,Angola,08/11/2020,-26,-13,-3,-31,-8,9
Angola,308,09/11/2020,18,20,83,83,60,15,3,5819,2,60,33933611,Angola,09/11/2020,-13,-4,18,-11,-17,9
Angola,308,10/11/2020,18,20,83,83,60,15,3,5819,2,60,33933611,Angola,10/11/2020,-6,10,30,-6,-15,5
Angola,312,11/11/2020,18,20,83,83,60,15,3,5819,2,60,33933611,Angola,11/11/2020,-42,-38,-14,-52,-73,25
Angola,315,12/11/2020,18,20,83,83,60,15,3,5819,2,60,33933611,Angola,12/11/2020,-12,3,24,-7,-13,7
Angola,317,13/11/2020,18,20,83,83,60,15,3,5819,2,60,33933611,Angola,13/11/2020,-21,-8,5,-24,-21,13
Angola,322,14/11/2020,18,20,83,83,60,15,3,5819,2,60,33933611,Angola,14/11/2020,-15,-3,20,-15,-5,5
Angola,322,15/11/2020,18,20,83,83,60,15,3,5819,2,60,33933611,Angola,15/11/2020,-26,-14,0,-29,-11,6
Angola,324,16/11/2020,18,20,83,83,60,15,3,5819,2,60,33933611,Angola,16/11/2020,-14,-6,19,-10,-16,8
Angola,328,17/11/2020,18,20,83,83,60,15,3,5819,2,60,33933611,Angola,17/11/2020,-13,0,13,-13,-15,7
Angola,332,18/11/2020,18,20,83,83,60,15,3,5819,2,59,33933611,Angola,18/11/2020,-12,-4,13,-19,-14,7
Angola,333,19/11/2020,18,20,83,83,60,15,3,5819,2,59,33933611,Angola,19/11/2020,-11,2,23,-8,-12,6
Angola,334,20/11/2020,18,20,83,83,60,15,3,5819,2,59,33933611,Angola,20/11/2020,-14,-1,12,-17,-14,8
Angola,336,21/11/2020,18,20,83,83,60,15,3,5819,2,59,33933611,Angola,21/11/2020,-14,-2,14,-15,-3,5
Angola,337,22/11/2020,18,20,83,83,60,15,3,5819,2,59,33933611,Angola,22/11/2020,-23,-12,-3,-28,-11,5
Angola,337,23/11/2020,18,20,83,83,60,15,3,5819,2,57,33933611,Angola,23/11/2020,-12,-6,17,-13,-15,8
Angola,338,24/11/2020,18,20,83,83,60,15,3,5819,2,57,33933611,Angola,24/11/2020,-10,4,15,-11,-13,6
Angola,340,25/11/2020,18,20,83,83,60,15,3,5819,2,57,33933611,Angola,25/11/2020,-6,5,20,-19,-12,6
Angola,341,26/11/2020,18,20,83,83,60,15,3,5819,2,57,33933611,Angola,26/11/2020,-6,12,29,-2,-11,5
Angola,342,27/11/2020,18,20,83,83,60,15,3,5819,2,57,33933611,Angola,27/11/2020,-3,14,20,-7,-12,6
Angola,345,28/11/2020,18,20,83,83,60,15,3,5819,2,57,33933611,Angola,28/11/2020,-7,8,27,-10,-5,3
Angola,346,29/11/2020,18,20,83,83,60,15,3,5819,2,57,33933611,Angola,29/11/2020,-12,2,9,-19,-7,5
Angola,348,30/11/2020,18,20,83,83,60,15,3,5819,2,57,33933611,Angola,30/11/2020,-1,8,27,-2,-12,5
Angola,350,01/12/2020,18,20,83,83,60,15,3,5819,2,57,33933611,Angola,01/12/2020,1,18,31,-1,-10,4
Angola,351,02/12/2020,18,20,83,83,60,15,3,5819,2,57,33933611,Angola,02/12/2020,2,12,28,-6,-8,5
Angola,352,03/12/2020,18,20,83,83,60,15,3,5819,2,66,33933611,Angola,03/12/2020,1,19,36,9,-8,4
Angola,353,04/12/2020,18,20,83,83,60,15,3,5819,2,66,33933611,Angola,04/12/2020,-2,14,26,-4,-9,6
Angola,354,05/12/2020,18,20,83,83,60,15,3,5819,2,66,33933611,Angola,05/12/2020,-2,12,29,6,-1,1
Angola,354,06/12/2020,18,20,83,83,60,15,3,5819,2,66,33933611,Angola,06/12/2020,-13,-1,5,-15,-6,3
Angola,354,07/12/2020,18,20,83,83,60,15,3,5819,2,66,33933611,Angola,07/12/2020,-2,7,30,-1,-12,4
Angola,355,08/12/2020,18,20,83,83,60,15,3,5819,2,66,33933611,Angola,08/12/2020,-2,12,25,-1,-7,4
Angola,358,09/12/2020,18,20,83,83,60,15,3,5819,2,66,33933611,Angola,09/12/2020,-4,5,27,-6,-9,5
Angola,362,10/12/2020,18,20,83,83,60,15,3,5819,2,66,33933611,Angola,10/12/2020,-4,12,48,9,-9,5
Angola,365,11/12/2020,18,20,83,83,60,15,3,5819,2,66,33933611,Angola,11/12/2020,-8,5,30,2,-11,8
Angola,366,12/12/2020,18,20,83,83,60,15,3,5819,2,66,33933611,Angola,12/12/2020,-6,6,37,9,-1,3
Angola,371,13/12/2020,18,20,83,83,60,15,3,5819,2,66,33933611,Angola,13/12/2020,-16,-4,19,-7,-7,6
Angola,372,14/12/2020,18,20,83,83,60,15,3,5819,2,66,33933611,Angola,14/12/2020,-6,1,37,3,-11,7
Angola,372,15/12/2020,18,20,83,83,60,15,3,5819,2,66,33933611,Angola,15/12/2020,-3,8,32,8,-10,7
Angola,379,16/12/2020,18,20,83,83,60,15,3,5819,2,66,33933611,Angola,16/12/2020,-2,10,34,2,-9,6
Angola,382,17/12/2020,18,20,83,83,60,15,3,5819,2,66,33933611,Angola,17/12/2020,1,16,49,17,-9,5
Angola,384,18/12/2020,18,20,83,83,60,15,3,5819,2,66,33933611,Angola,18/12/2020,0,18,38,7,-12,6
Angola,386,19/12/2020,18,20,83,83,60,15,3,5819,2,66,33933611,Angola,19/12/2020,0,14,50,28,-2,1
Angola,387,20/12/2020,18,20,83,83,60,15,3,5819,2,66,33933611,Angola,20/12/2020,-9,6,26,4,-5,4
Angola,390,21/12/2020,18,20,83,83,60,15,3,5819,2,66,33933611,Angola,21/12/2020,5,22,43,22,-20,7
Angola,393,22/12/2020,18,20,83,83,60,15,3,5819,2,66,33933611,Angola,22/12/2020,7,30,43,20,-21,5
Angola,393,23/12/2020,18,20,83,83,60,15,3,5819,2,66,33933611,Angola,23/12/2020,13,43,46,15,-22,4
Angola,393,24/12/2020,18,20,83,83,60,15,3,5819,2,66,33933611,Angola,24/12/2020,4,43,51,15,-35,5
Angola,396,25/12/2020,18,20,83,83,60,15,3,5819,2,66,33933611,Angola,25/12/2020,-61,-63,-22,-53,-79,23
Angola,399,26/12/2020,18,20,83,83,60,15,3,5819,2,66,33933611,Angola,26/12/2020,-22,-11,21,-4,-19,7
Angola,399,27/12/2020,18,20,83,83,60,15,3,5819,2,66,33933611,Angola,27/12/2020,-21,-12,13,-9,-8,6
Angola,403,28/12/2020,18,20,83,83,60,15,3,5819,2,66,33933611,Angola,28/12/2020,-5,7,31,6,-25,11
Angola,403,29/12/2020,18,20,83,83,60,15,3,5819,2,66,33933611,Angola,29/12/2020,-4,12,31,4,-24,9
Angola,405,30/12/2020,18,20,83,83,60,15,3,5819,2,66,33933611,Angola,30/12/2020,2,23,35,0,-24,8
Angola,405,31/12/2020,18,20,83,83,60,15,3,5819,2,66,33933611,Angola,31/12/2020,-6,28,43,7,-34,7
Angola,8,25/03/2020,46,56,49,62,86,20,7,18934,11,100,45605823,Argentina,25/03/2020,-82,-50,-82,-77,-68,28
Angola,9,26/03/2020,46,56,49,62,86,20,7,18934,11,100,45605823,Argentina,26/03/2020,-83,-52,-84,-77,-68,30
Angola,13,27/03/2020,46,56,49,62,86,20,7,18934,11,100,45605823,Argentina,27/03/2020,-81,-49,-82,-75,-67,32
Angola,18,28/03/2020,46,56,49,62,86,20,7,18934,11,100,45605823,Argentina,28/03/2020,-82,-48,-84,-75,-59,29
Angola,19,29/03/2020,46,56,49,62,86,20,7,18934,11,100,45605823,Argentina,29/03/2020,-86,-61,-89,-80,-57,27
Angola,23,30/03/2020,46,56,49,62,86,20,7,18934,11,100,45605823,Argentina,30/03/2020,-81,-51,-83,-77,-68,28
Angola,27,31/03/2020,46,56,49,62,86,20,7,18934,11,100,45605823,Argentina,31/03/2020,-85,-59,-85,-82,-76,30
Angola,28,01/04/2020,46,56,49,62,86,20,7,18934,11,100,45605823,Argentina,01/04/2020,-79,-46,-79,-75,-64,27
Angola,36,02/04/2020,46,56,49,62,86,20,7,18934,11,100,45605823,Argentina,02/04/2020,-79,-47,-81,-74,-64,29
Angola,39,03/04/2020,46,56,49,62,86,20,7,18934,11,100,45605823,Argentina,03/04/2020,-77,-41,-78,-71,-62,31
Angola,43,04/04/2020,46,56,49,62,86,20,7,18934,11,100,45605823,Argentina,04/04/2020,-77,-41,-81,-71,-54,27
Angola,44,05/04/2020,46,56,49,62,86,20,7,18934,11,100,45605823,Argentina,05/04/2020,-83,-54,-87,-76,-52,26
Angola,48,06/04/2020,46,56,49,62,86,20,7,18934,11,100,45605823,Argentina,06/04/2020,-75,-41,-77,-70,-60,26
Angola,56,07/04/2020,46,56,49,62,86,20,7,18934,11,100,45605823,Argentina,07/04/2020,-82,-30,-72,-64,-59,25
Angola,63,08/04/2020,46,56,49,62,86,20,7,18934,11,100,45605823,Argentina,08/04/2020,-82,-28,-69,-63,-58,24
Angola,72,09/04/2020,46,56,49,62,86,20,7,18934,11,100,45605823,Argentina,09/04/2020,-83,-30,-75,-67,-63,27
Angola,82,10/04/2020,46,56,49,62,86,20,7,18934,11,100,45605823,Argentina,10/04/2020,-90,-58,-85,-79,-76,35
Angola,83,11/04/2020,46,56,49,62,86,20,7,18934,11,100,45605823,Argentina,11/04/2020,-84,-34,-80,-67,-52,27
Angola,90,12/04/2020,46,56,49,62,86,20,7,18934,11,100,45605823,Argentina,12/04/2020,-87,-51,-86,-74,-49,25
Angola,97,13/04/2020,46,56,49,62,86,20,7,18934,11,100,45605823,Argentina,13/04/2020,-83,-40,-74,-67,-55,25
Angola,102,14/04/2020,46,56,49,62,86,20,7,18934,11,100,45605823,Argentina,14/04/2020,-81,-31,-70,-63,-54,24
Angola,111,15/04/2020,46,56,49,62,86,20,7,18934,11,100,45605823,Argentina,15/04/2020,-81,-31,-70,-62,-53,24
Angola,115,16/04/2020,46,56,49,62,86,20,7,18934,11,100,45605823,Argentina,16/04/2020,-83,-31,-92,-61,-53,26
Angola,123,17/04/2020,46,56,49,62,86,20,7,18934,11,100,45605823,Argentina,17/04/2020,-83,-29,-92,-61,-52,28
Angola,129,18/04/2020,46,56,49,62,86,20,7,18934,11,100,45605823,Argentina,18/04/2020,-85,-36,-94,-65,-45,26
Angola,132,19/04/2020,46,56,49,62,86,20,7,18934,11,100,45605823,Argentina,19/04/2020,-89,-53,-95,-73,-48,25
Angola,136,20/04/2020,46,56,49,62,86,20,7,18934,11,100,45605823,Argentina,20/04/2020,-83,-37,-92,-62,-49,24
Angola,147,21/04/2020,46,56,49,62,86,20,7,18934,11,100,45605823,Argentina,21/04/2020,-82,-34,-92,-61,-50,23
Angola,152,22/04/2020,46,56,49,62,86,20,7,18934,11,100,45605823,Argentina,22/04/2020,-83,-34,-91,-61,-49,23
Angola,165,23/04/2020,46,56,49,62,86,20,7,18934,11,100,45605823,Argentina,23/04/2020,-83,-35,-92,-62,-49,24
Angola,176,24/04/2020,46,56,49,62,86,20,7,18934,11,100,45605823,Argentina,24/04/2020,-83,-34,-92,-63,-48,27
Angola,185,25/04/2020,46,56,49,62,86,20,7,18934,11,100,45605823,Argentina,25/04/2020,-86,-39,-94,-68,-44,26
Angola,192,26/04/2020,46,56,49,62,86,20,7,18934,11,98,45605823,Argentina,26/04/2020,-88,-52,-95,-72,-47,25
Angola,197,27/04/2020,46,56,49,62,86,20,7,18934,11,89,45605823,Argentina,27/04/2020,-84,-40,-93,-64,-47,24
Angola,207,28/04/2020,46,56,49,62,86,20,7,18934,11,89,45605823,Argentina,28/04/2020,-84,-41,-92,-68,-49,20
Angola,214,29/04/2020,46,56,49,62,86,20,7,18934,11,89,45605823,Argentina,29/04/2020,-80,-27,-90,-57,-44,21
Angola,218,30/04/2020,46,56,49,62,86,20,7,18934,11,89,45605823,Argentina,30/04/2020,-75,-20,-90,-56,-44,22
Angola,225,01/05/2020,46,56,49,62,86,20,7,18934,11,89,45605823,Argentina,01/05/2020,-90,-71,-94,-78,-73,33
Angola,237,02/05/2020,46,56,49,62,86,20,7,18934,11,89,45605823,Argentina,02/05/2020,-79,-26,-93,-60,-39,24
Angola,246,03/05/2020,46,56,49,62,86,20,7,18934,11,89,45605823,Argentina,03/05/2020,-86,-48,-95,-71,-42,24
Angola,260,04/05/2020,46,56,49,62,86,20,7,18934,11,89,45605823,Argentina,04/05/2020,-77,-32,-91,-61,-42,21
Angola,264,05/05/2020,46,56,49,62,86,20,7,18934,11,89,45605823,Argentina,05/05/2020,-76,-28,-90,-58,-43,21
Angola,273,06/05/2020,46,56,49,62,86,20,7,18934,11,89,45605823,Argentina,06/05/2020,-75,-25,-89,-55,-40,20
Angola,282,07/05/2020,46,56,49,62,86,20,7,18934,11,89,45605823,Argentina,07/05/2020,-73,-23,-89,-55,-40,21
Angola,293,08/05/2020,46,56,49,62,86,20,7,18934,11,89,45605823,Argentina,08/05/2020,-72,-18,-89,-53,-38,23
Angola,300,09/05/2020,46,56,49,62,86,20,7,18934,11,89,45605823,Argentina,09/05/2020,-75,-20,-91,-53,-31,21
Angola,305,10/05/2020,46,56,49,62,86,20,7,18934,11,89,45605823,Argentina,10/05/2020,-82,-41,-93,-65,-35,21
Angola,314,11/05/2020,46,56,49,62,86,20,7,18934,11,94,45605823,Argentina,11/05/2020,-71,-24,-88,-53,-36,19
Angola,319,12/05/2020,46,56,49,62,86,20,7,18934,11,91,45605823,Argentina,12/05/2020,-70,-21,-88,-51,-36,19
Angola,329,13/05/2020,46,56,49,62,86,20,7,18934,11,91,45605823,Argentina,13/05/2020,-70,-22,-87,-52,-35,19
Angola,353,14/05/2020,46,56,49,62,86,20,7,18934,11,91,45605823,Argentina,14/05/2020,-70,-23,-88,-53,-35,18
Angola,356,15/05/2020,46,56,49,62,86,20,7,18934,11,91,45605823,Argentina,15/05/2020,-70,-18,-88,-52,-34,22
Angola,363,16/05/2020,46,56,49,62,86,20,7,18934,11,91,45605823,Argentina,16/05/2020,-72,-19,-89,-51,-27,20
Angola,373,17/05/2020,46,56,49,62,86,20,7,18934,11,91,45605823,Argentina,17/05/2020,-80,-40,-91,-63,-30,20
Angola,382,18/05/2020,46,56,49,62,86,20,7,18934,11,91,45605823,Argentina,18/05/2020,-69,-24,-88,-53,-32,18
Angola,393,19/05/2020,46,56,49,62,86,20,7,18934,11,91,45605823,Argentina,19/05/2020,-68,-22,-87,-52,-33,18
Angola,403,20/05/2020,46,56,49,62,86,20,7,18934,11,91,45605823,Argentina,20/05/2020,-69,-24,-86,-54,-33,18
Angola,416,21/05/2020,46,56,49,62,86,20,7,18934,11,91,45605823,Argentina,21/05/2020,-71,-27,-88,-57,-35,21
Angola,433,22/05/2020,46,56,49,62,86,20,7,18934,11,91,45605823,Argentina,22/05/2020,-70,-22,-88,-55,-33,22
Angola,445,23/05/2020,46,56,49,62,86,20,7,18934,11,91,45605823,Argentina,23/05/2020,-70,-16,-89,-51,-24,20
Angola,452,24/05/2020,46,56,49,62,86,20,7,18934,11,91,45605823,Argentina,24/05/2020,-79,-35,-90,-62,-29,20
Angola,467,25/05/2020,46,56,49,62,86,20,7,18934,11,91,45605823,Argentina,25/05/2020,-83,-53,-90,-73,-65,25
Angola,484,26/05/2020,46,56,49,62,86,20,7,18934,11,91,45605823,Argentina,26/05/2020,-67,-22,-86,-53,-30,17
Angola,500,27/05/2020,46,56,49,62,86,20,7,18934,11,91,45605823,Argentina,27/05/2020,-68,-22,-84,-54,-30,18
Angola,508,28/05/2020,46,56,49,62,86,20,7,18934,11,91,45605823,Argentina,28/05/2020,-68,-23,-86,-53,-30,19
Angola,520,29/05/2020,46,56,49,62,86,20,7,18934,11,91,45605823,Argentina,29/05/2020,-67,-18,-86,-52,-29,21
Angola,528,30/05/2020,46,56,49,62,86,20,7,18934,11,91,45605823,Argentina,30/05/2020,-71,-19,-89,-54,-22,20
Angola,539,31/05/2020,46,56,49,62,86,20,7,18934,11,91,45605823,Argentina,31/05/2020,-79,-39,-90,-65,-27,20
Angola,556,01/06/2020,46,56,49,62,86,20,7,18934,11,91,45605823,Argentina,01/06/2020,-67,-24,-87,-54,-29,18
Angola,569,02/06/2020,46,56,49,62,86,20,7,18934,11,91,45605823,Argentina,02/06/2020,-66,-20,-85,-52,-29,17
Angola,583,03/06/2020,46,56,49,62,86,20,7,18934,11,91,45605823,Argentina,03/06/2020,-67,-21,-85,-53,-28,17
Angola,608,04/06/2020,46,56,49,62,86,20,7,18934,11,91,45605823,Argentina,04/06/2020,-67,-21,-86,-53,-29,18
Angola,632,05/06/2020,46,56,49,62,86,20,7,18934,11,89,45605823,Argentina,05/06/2020,-65,-16,-85,-52,-28,20
Angola,648,06/06/2020,46,56,49,62,86,20,7,18934,11,89,45605823,Argentina,06/06/2020,-66,-12,-86,-50,-19,18
Angola,664,07/06/2020,46,56,49,62,86,20,7,18934,11,89,45605823,Argentina,07/06/2020,-75,-33,-88,-61,-22,18
Angola,693,08/06/2020,46,56,49,62,86,20,7,18934,11,89,45605823,Argentina,08/06/2020,-62,-17,-84,-51,-26,17
Angola,717,09/06/2020,46,56,49,62,86,20,7,18934,11,89,45605823,Argentina,09/06/2020,-61,-16,-83,-49,-26,16
Angola,735,10/06/2020,46,56,49,62,86,20,7,18934,11,89,45605823,Argentina,10/06/2020,-60,-14,-80,-49,-25,16
Angola,765,11/06/2020,46,56,49,62,86,20,7,18934,11,89,45605823,Argentina,11/06/2020,-60,-15,-82,-48,-26,17
Angola,785,12/06/2020,46,56,49,62,86,20,7,18934,11,89,45605823,Argentina,12/06/2020,-59,-11,-82,-48,-24,18
Angola,815,13/06/2020,46,56,49,62,86,20,7,18934,11,89,45605823,Argentina,13/06/2020,-61,-10,-85,-47,-16,17
Angola,833,14/06/2020,46,56,49,62,86,20,7,18934,11,89,45605823,Argentina,14/06/2020,-71,-29,-85,-59,-18,17
Angola,854,15/06/2020,46,56,49,62,86,20,7,18934,11,89,45605823,Argentina,15/06/2020,-75,-40,-85,-68,-58,23
Angola,878,16/06/2020,46,56,49,62,86,20,7,18934,11,89,45605823,Argentina,16/06/2020,-56,-11,-81,-46,-24,15
Angola,913,17/06/2020,46,56,49,62,86,20,7,18934,11,89,45605823,Argentina,17/06/2020,-60,-16,-81,-49,-26,16
Angola,948,18/06/2020,46,56,49,62,86,20,7,18934,11,89,45605823,Argentina,18/06/2020,-60,-17,-83,-51,-26,17
Angola,979,19/06/2020,46,56,49,62,86,20,7,18934,11,89,45605823,Argentina,19/06/2020,-56,-7,-82,-49,-24,17
Angola,992,20/06/2020,46,56,49,62,86,20,7,18934,11,89,45605823,Argentina,20/06/2020,-59,-4,-83,-45,-23,17
Angola,1011,21/06/2020,46,56,49,62,86,20,7,18934,11,89,45605823,Argentina,21/06/2020,-71,-33,-86,-58,-5,15
Angola,1043,22/06/2020,46,56,49,62,86,20,7,18934,11,89,45605823,Argentina,22/06/2020,-62,-25,-84,-55,-28,17
Angola,1078,23/06/2020,46,56,49,62,86,20,7,18934,11,89,45605823,Argentina,23/06/2020,-61,-21,-83,-54,-28,17
Angola,1116,24/06/2020,46,56,49,62,86,20,7,18934,11,89,45605823,Argentina,24/06/2020,-62,-21,-83,-53,-27,17
Angola,1150,25/06/2020,46,56,49,62,86,20,7,18934,11,89,45605823,Argentina,25/06/2020,-62,-20,-84,-52,-27,18
Angola,1184,26/06/2020,46,56,49,62,86,20,7,18934,11,89,45605823,Argentina,26/06/2020,-60,-14,-84,-51,-25,19
Angola,1207,27/06/2020,46,56,49,62,86,20,7,18934,11,89,45605823,Argentina,27/06/2020,-61,-12,-84,-47,-17,18
Angola,1232,28/06/2020,46,56,49,62,86,20,7,18934,11,89,45605823,Argentina,28/06/2020,-72,-33,-86,-61,-20,19
Angola,1280,29/06/2020,46,56,49,62,86,20,7,18934,11,89,45605823,Argentina,29/06/2020,-59,-21,-84,-52,-27,17
Angola,1307,30/06/2020,46,56,49,62,86,20,7,18934,11,89,45605823,Argentina,30/06/2020,-60,-23,-84,-55,-29,17
Angola,1351,01/07/2020,46,56,49,62,86,20,7,18934,11,93,45605823,Argentina,01/07/2020,-62,-20,-82,-59,-29,17
Angola,1385,02/07/2020,46,56,49,62,86,20,7,18934,11,93,45605823,Argentina,02/07/2020,-61,-19,-83,-58,-29,18
Angola,1437,03/07/2020,46,56,49,62,86,20,7,18934,11,93,45605823,Argentina,03/07/2020,-59,-13,-82,-56,-27,19
Angola,1481,04/07/2020,46,56,49,62,86,20,7,18934,11,93,45605823,Argentina,04/07/2020,-60,-12,-83,-54,-18,18
Angola,1507,05/07/2020,46,56,49,62,86,20,7,18934,11,93,45605823,Argentina,05/07/2020,-70,-31,-83,-62,-20,18
Angola,1582,06/07/2020,46,56,49,62,86,20,7,18934,11,93,45605823,Argentina,06/07/2020,-59,-19,-83,-56,-28,17
Angola,1644,07/07/2020,46,56,49,62,86,20,7,18934,11,93,45605823,Argentina,07/07/2020,-58,-16,-83,-54,-29,17
Angola,1694,08/07/2020,46,56,49,62,86,20,7,18934,11,93,45605823,Argentina,08/07/2020,-53,-6,-78,-50,-26,15
Angola,1720,09/07/2020,46,56,49,62,86,20,7,18934,11,93,45605823,Argentina,09/07/2020,-72,-37,-83,-67,-57,23
Angola,1774,10/07/2020,46,56,49,62,86,20,7,18934,11,93,45605823,Argentina,10/07/2020,-65,-23,-84,-65,-50,24
Angola,1810,11/07/2020,46,56,49,62,86,20,7,18934,11,93,45605823,Argentina,11/07/2020,-59,-12,-82,-52,-19,18
Angola,1845,12/07/2020,46,56,49,62,86,20,7,18934,11,93,45605823,Argentina,12/07/2020,-70,-34,-83,-62,-20,18
Angola,1903,13/07/2020,46,56,49,62,86,20,7,18934,11,93,45605823,Argentina,13/07/2020,-56,-16,-81,-54,-27,16
Angola,1968,14/07/2020,46,56,49,62,86,20,7,18934,11,93,45605823,Argentina,14/07/2020,-55,-15,-79,-53,-28,16
Angola,2050,15/07/2020,46,56,49,62,86,20,7,18934,11,93,45605823,Argentina,15/07/2020,-56,-14,-77,-53,-26,16
Angola,2112,16/07/2020,46,56,49,62,86,20,7,18934,11,93,45605823,Argentina,16/07/2020,-57,-18,-79,-55,-28,17
Angola,2178,17/07/2020,46,56,49,62,86,20,7,18934,11,93,45605823,Argentina,17/07/2020,-54,-9,-79,-51,-25,18
Angola,2220,18/07/2020,46,56,49,62,86,20,7,18934,11,93,45605823,Argentina,18/07/2020,-56,-10,-79,-51,-16,16
Angola,2260,19/07/2020,46,56,49,62,86,20,7,18934,11,93,45605823,Argentina,19/07/2020,-65,-27,-80,-57,-16,16
Angola,2373,20/07/2020,46,56,49,62,86,20,7,18934,11,91,45605823,Argentina,20/07/2020,-51,-14,-79,-49,-24,14
Angola,2490,21/07/2020,46,56,49,62,86,20,7,18934,11,91,45605823,Argentina,21/07/2020,-57,-20,-81,-53,-28,15
Angola,2588,22/07/2020,46,56,49,62,86,20,7,18934,11,91,45605823,Argentina,22/07/2020,-59,-21,-80,-54,-27,16
Angola,2702,23/07/2020,46,56,49,62,86,20,7,18934,11,91,45605823,Argentina,23/07/2020,-61,-25,-84,-57,-29,18
Angola,2807,24/07/2020,46,56,49,62,86,20,7,18934,11,91,45605823,Argentina,24/07/2020,-57,-16,-81,-53,-26,19
Angola,2893,25/07/2020,46,56,49,62,86,20,7,18934,11,91,45605823,Argentina,25/07/2020,-57,-12,-79,-48,-16,17
Angola,2939,26/07/2020,46,56,49,62,86,20,7,18934,11,91,45605823,Argentina,26/07/2020,-67,-30,-79,-58,-18,17
Angola,3059,27/07/2020,46,56,49,62,86,20,7,18934,11,91,45605823,Argentina,27/07/2020,-55,-19,-80,-53,-25,16
Angola,3179,28/07/2020,46,56,49,62,86,20,7,18934,11,91,45605823,Argentina,28/07/2020,-54,-17,-78,-51,-26,15
Angola,3288,29/07/2020,46,56,49,62,86,20,7,18934,11,91,45605823,Argentina,29/07/2020,-54,-17,-74,-51,-25,15
Angola,3441,30/07/2020,46,56,49,62,86,20,7,18934,11,91,45605823,Argentina,30/07/2020,-56,-19,-78,-51,-26,17
Angola,3543,31/07/2020,46,56,49,62,86,20,7,18934,11,91,45605823,Argentina,31/07/2020,-53,-13,-76,-50,-24,17
Angola,3596,01/08/2020,46,56,49,62,86,20,7,18934,11,91,45605823,Argentina,01/08/2020,-53,-9,-75,-45,-15,16
Angola,3648,02/08/2020,46,56,49,62,86,20,7,18934,11,91,45605823,Argentina,02/08/2020,-63,-26,-73,-56,-17,16
Angola,3813,03/08/2020,46,56,49,62,86,20,7,18934,11,89,45605823,Argentina,03/08/2020,-54,-17,-76,-50,-24,15
Angola,3979,04/08/2020,46,56,49,62,86,20,7,18934,11,89,45605823,Argentina,04/08/2020,-52,-14,-73,-48,-25,14
Angola,4106,05/08/2020,46,56,49,62,86,20,7,18934,11,89,45605823,Argentina,05/08/2020,-52,-13,-71,-49,-24,14
Angola,4251,06/08/2020,46,56,49,62,86,20,7,18934,11,89,45605823,Argentina,06/08/2020,-55,-17,-78,-52,-26,16
Angola,4411,07/08/2020,46,56,49,62,86,20,7,18934,11,88,45605823,Argentina,07/08/2020,-54,-14,-79,-53,-25,18
Angola,4523,08/08/2020,46,56,49,62,86,20,7,18934,11,88,45605823,Argentina,08/08/2020,-53,-8,-77,-45,-14,16
Angola,4606,09/08/2020,46,56,49,62,86,20,7,18934,11,88,45605823,Argentina,09/08/2020,-65,-28,-78,-59,-19,17
Angola,4764,10/08/2020,46,56,49,62,86,20,7,18934,11,88,45605823,Argentina,10/08/2020,-50,-14,-76,-49,-24,15
Angola,5004,11/08/2020,46,56,49,62,86,20,7,18934,11,88,45605823,Argentina,11/08/2020,-50,-12,-74,-48,-25,15
Angola,5213,12/08/2020,46,56,49,62,86,20,7,18934,11,88,45605823,Argentina,12/08/2020,-50,-13,-72,-48,-24,14
Angola,5362,13/08/2020,46,56,49,62,86,20,7,18934,11,88,45605823,Argentina,13/08/2020,-50,-13,-73,-48,-24,16
Angola,5527,14/08/2020,46,56,49,62,86,20,7,18934,11,88,45605823,Argentina,14/08/2020,-48,-8,-74,-46,-23,17
Angola,5637,15/08/2020,46,56,49,62,86,20,7,18934,11,88,45605823,Argentina,15/08/2020,-45,1,-72,-38,-13,15
Angola,5703,16/08/2020,46,56,49,62,86,20,7,18934,11,88,45605823,Argentina,16/08/2020,-57,-19,-72,-50,-12,15
Angola,5814,17/08/2020,46,56,49,62,86,20,7,18934,11,88,45605823,Argentina,17/08/2020,-68,-40,-68,-65,-60,21
Angola,6048,18/08/2020,46,56,49,62,86,20,7,18934,11,88,45605823,Argentina,18/08/2020,-51,-13,-74,-48,-23,14
Angola,6330,19/08/2020,46,56,49,62,86,20,7,18934,11,88,45605823,Argentina,19/08/2020,-55,-18,-77,-52,-24,15
Angola,6517,20/08/2020,46,56,49,62,86,20,7,18934,11,88,45605823,Argentina,20/08/2020,-55,-19,-75,-51,-24,16
Angola,6730,21/08/2020,46,56,49,62,86,20,7,18934,11,88,45605823,Argentina,21/08/2020,-52,-11,-73,-48,-22,17
Angola,6848,22/08/2020,46,56,49,62,86,20,7,18934,11,88,45605823,Argentina,22/08/2020,-52,-9,-71,-43,-13,15
Angola,6985,23/08/2020,46,56,49,62,86,20,7,18934,11,88,45605823,Argentina,23/08/2020,-64,-29,-72,-54,-18,16
Angola,7366,24/08/2020,46,56,49,62,86,20,7,18934,11,88,45605823,Argentina,24/08/2020,-53,-19,-73,-49,-23,15
Angola,7563,25/08/2020,46,56,49,62,86,20,7,18934,11,88,45605823,Argentina,25/08/2020,-54,-20,-75,-51,-25,15
Angola,7839,26/08/2020,46,56,49,62,86,20,7,18934,11,88,45605823,Argentina,26/08/2020,-57,-22,-76,-54,-24,15
Angola,8050,27/08/2020,46,56,49,62,86,20,7,18934,11,88,45605823,Argentina,27/08/2020,-54,-20,-72,-49,-24,15
Angola,8271,28/08/2020,46,56,49,62,86,20,7,18934,11,88,45605823,Argentina,28/08/2020,-53,-15,-73,-49,-22,17
Angola,8353,29/08/2020,46,56,49,62,86,20,7,18934,11,88,45605823,Argentina,29/08/2020,-57,-16,-79,-50,-16,17
Angola,8457,30/08/2020,46,56,49,62,86,20,7,18934,11,88,45605823,Argentina,30/08/2020,-65,-31,-73,-54,-20,17
Angola,8660,31/08/2020,46,56,49,62,86,20,7,18934,11,88,45605823,Argentina,31/08/2020,-55,-22,-77,-51,-25,15
Angola,8919,01/09/2020,46,56,49,62,86,20,7,18934,11,88,45605823,Argentina,01/09/2020,-56,-21,-78,-52,-27,16
Angola,9118,02/09/2020,46,56,49,62,86,20,7,18934,11,88,45605823,Argentina,02/09/2020,-61,-28,-79,-62,-29,17
Angola,9361,03/09/2020,46,56,49,62,86,20,7,18934,11,88,45605823,Argentina,03/09/2020,-55,-17,-75,-51,-26,16
Angola,9623,04/09/2020,46,56,49,62,86,20,7,18934,11,88,45605823,Argentina,04/09/2020,-51,-11,-73,-47,-24,17
Angola,9739,05/09/2020,46,56,49,62,86,20,7,18934,11,88,45605823,Argentina,05/09/2020,-51,-6,-71,-41,-15,15
Angola,9859,06/09/2020,46,56,49,62,86,20,7,18934,11,88,45605823,Argentina,06/09/2020,-65,-29,-74,-54,-22,17
Angola,10129,07/09/2020,46,56,49,62,86,20,7,18934,11,88,45605823,Argentina,07/09/2020,-51,-15,-72,-48,-27,15
Angola,10405,08/09/2020,46,56,49,62,86,20,7,18934,11,88,45605823,Argentina,08/09/2020,-50,-13,-70,-46,-26,14
Angola,10658,09/09/2020,46,56,49,62,86,20,7,18934,11,88,45605823,Argentina,09/09/2020,-52,-15,-70,-48,-25,13
Angola,10907,10/09/2020,46,56,49,62,86,20,7,18934,11,88,45605823,Argentina,10/09/2020,-51,-16,-70,-46,-26,14
Angola,11148,11/09/2020,46,56,49,62,86,20,7,18934,11,88,45605823,Argentina,11/09/2020,-50,-13,-71,-46,-24,16
Angola,11263,12/09/2020,46,56,49,62,86,20,7,18934,11,88,45605823,Argentina,12/09/2020,-51,-11,-70,-41,-15,14
Angola,11352,13/09/2020,46,56,49,62,86,20,7,18934,11,88,45605823,Argentina,13/09/2020,-62,-29,-69,-50,-20,15
Angola,11667,14/09/2020,46,56,49,62,86,20,7,18934,11,88,45605823,Argentina,14/09/2020,-51,-19,-71,-48,-24,14
Angola,11852,15/09/2020,46,56,49,62,86,20,7,18934,11,88,45605823,Argentina,15/09/2020,-50,-16,-71,-47,-25,14
Angola,12116,16/09/2020,46,56,49,62,86,20,7,18934,11,88,45605823,Argentina,16/09/2020,-51,-17,-66,-46,-24,14
Angola,12460,17/09/2020,46,56,49,62,86,20,7,18934,11,88,45605823,Argentina,17/09/2020,-52,-20,-69,-47,-25,15
Angola,12656,18/09/2020,46,56,49,62,86,20,7,18934,11,88,45605823,Argentina,18/09/2020,-50,-13,-69,-45,-23,16
Angola,12799,19/09/2020,46,56,49,62,86,20,7,18934,11,88,45605823,Argentina,19/09/2020,-51,-10,-69,-41,-15,15
Angola,13053,20/09/2020,46,56,49,62,86,20,7,18934,11,88,45605823,Argentina,20/09/2020,-62,-29,-68,-50,-20,16
Angola,13482,21/09/2020,46,56,49,62,86,20,7,18934,11,88,45605823,Argentina,21/09/2020,-51,-19,-69,-48,-27,15
Angola,13952,22/09/2020,46,56,49,62,86,20,7,18934,11,88,45605823,Argentina,22/09/2020,-52,-17,-69,-46,-24,14
Angola,14376,23/09/2020,46,56,49,62,86,20,7,18934,11,88,45605823,Argentina,23/09/2020,-54,-17,-66,-47,-23,14
Angola,14766,24/09/2020,46,56,49,62,86,20,7,18934,11,88,45605823,Argentina,24/09/2020,-56,-21,-71,-48,-25,15
Angola,15208,25/09/2020,46,56,49,62,86,20,7,18934,11,88,45605823,Argentina,25/09/2020,-57,-19,-76,-51,-24,18
Angola,15543,26/09/2020,46,56,49,62,86,20,7,18934,11,88,45605823,Argentina,26/09/2020,-59,-19,-78,-53,-18,17
Angola,15749,27/09/2020,46,56,49,62,86,20,7,18934,11,88,45605823,Argentina,27/09/2020,-70,-36,-80,-59,-23,18
Angola,16113,28/09/2020,46,56,49,62,86,20,7,18934,11,88,45605823,Argentina,28/09/2020,-60,-32,-69,-47,-28,15
Angola,16519,29/09/2020,46,56,49,62,86,20,7,18934,11,88,45605823,Argentina,29/09/2020,-51,-12,-68,-45,-23,13
Angola,16937,30/09/2020,46,56,49,62,86,20,7,18934,11,88,45605823,Argentina,30/09/2020,-53,-16,-65,-45,-23,13
Angola,20288,01/10/2020,46,56,49,62,86,20,7,18934,11,88,45605823,Argentina,01/10/2020,-54,-16,-71,-48,-22,14
